Charging Station ID;StationID
ENSTOIN01;ARYngY7wP8
ENSTOIN02;pNK7reEGPr
INCNDAHM0001;KW7QWManyZ
INCNDBAN0001;BenVJM2nG8
INCNDBAN0002;x5jLXMej1X
INCNDDEL0001;JoElAqy7ry
INCNDDEL0002;4RE32xRnAa
INCNDDEL0003;MvEm28a7Kq
INCNDDEL0004;8lj0VGRE5Y
INCNDGUR0001;m07bPMNnJZ
INCNDHYD0001;qznBvYDnoK
INCNDHYD0002;8lj0VLZE5Y
INCNDHYD0003;2GnK6yrj4B
INCNDHYD0004;KW7QWManyZ
INCNDHYD0005;6yEMrPp7YL
INCNDHYD0006;KW7Qm5q7yZ
INCNDHYD0007;KW7QmRg7yZ
INCNDHYD0008;kKjYRyQn03
INCNDHYD0009;d4ndbKo7Jg
INCNDHYD0010;KW7QmMX7yZ
INCNDHYD0011;x5jLqM8n1X
INCNDHYD0012;8lj0V5xE5Y
INCNDHYD0013;zOnvPLR76V
INCNDHYD0014;r3n1NW6E0w
INCNDHYD0015;vrj8eXLnpJ
INCNDHYD0016;NPnxmPKE10
INCNDHYD0017;MvEmebaEKq
INCNDHYD0018;aYnkzPAjeG
INCNDHYD0019;8lj0w3k75Y
INCNDHYD0020;wlEXmN37Xy
INCNDHYD0021;kKjYeXZj03
INCNDHYD0022;y1nNDv47mL
INCNDHYD0023;d4ndWKNjJg
INCNDHYD0024;YBnJxv87aG
INCNDHYD0025;2kjGbRw754
INCNDHYD0026;NK7rZrQ7GP
INCNDHYD0027;aYnkgapneG
INCNDHYD0028;OG79ABL7aq
INCNDHYD0029;6yEMZBy7YL
INCNDHYD0030;MvEm6ok7Kq
INCNDHYD0031;w3jaKl9ELr
INCNDHYD0032;menqOrV7bZ
INCNDHYD0033;NK7rdgKnGP
INCNDHYD0034;zOnv28Rn6V
INCNDHYD0035;y1nNbbYnmL
INCNDHYD0036;VKEz2AOENO
INCNDHYD0037;3BnZ9Y8jz9
INCNDHYD0038;WYjDy34nlQ
INCNDHYD0039;4RE3B9BnAa
INCNDHYD0040;8lj03Z275Y
INCNDHYD0041;NPnxbNB710
INCNDHYD0042;aGnOKX3new
INCNDHYD0043;B1jy2z5nRy
INCNDHYD0044;9aE2Bp1E0v
INCNDHYD0045;6yEMV807YL
INCNDHYD0046;2GnKGkLn4B
INCNDHYD0047;zOnv9roj6V
INCNDHYD0048;menqeBznbZ
INCNDHYD0049;NK7r9VbEGP
INCNDHYD0050;k375vggjGw
INCNDHYD0051;3BnZxek7z9
INCNDMUM0001;LbnwPbdE2d
INCNDMUM0002;qznBvw3noK
INCNDMUM0003;3p7R9M0Ee0
INCNDMUM0004;KMj6pKNEzN
INCNDNOI0001;ze7olNRjL1
